1,1,BU
1,2,eDa~\
1,3,sparDa~\
1,4,gADf~\
1,5,bADf~\
1,6,nADf~\
1,7,nATf~\
1,8,daDa~\
1,9,skudi~\
1,10,Svidi~\
1,11,vadi~\
1,12,Badi~\
1,13,madi~\
1,14,spadi~\
1,15,klidi~\
1,16,muda~\
1,17,dada~\
1,18,zvada~\
1,19,svarda~\
1,20,urda~\
1,21,kurda\
1,22,Kurda\
1,23,gurda\
1,24,guda~\
1,25,zUda~\
1,26,hrAda~\
1,27,hlAdI~\
1,28,svAda~\
1,29,parda~\
1,30,yatI~\
1,31,yutf~\
1,32,jutf~\
1,33,viTf~\
1,34,veTf~\
1,35,SraTi~\
1,36,graTi~\
1,37,katTa~\
1,38,ata~
1,39,citI~
1,40,cyuti~r
1,41,Scuti~r
1,42,Scyuti~r
1,43,jyuti~r
1,44,manTa~
1,45,kuTi~
1,46,puTi~
1,47,luTi~
1,48,maTi~
1,49,ziDa~
1,50,ziDU~
1,51,KAdf~
1,52,Kada~
1,53,bada~
1,54,gada~
1,55,rada~
1,56,Rada~
1,57,arda~
1,58,narda~
1,59,garda~
1,60,tarda~
1,61,karda~
1,62,Karda~
1,63,ati~
1,64,adi~
1,65,idi~
1,66,bidi~
1,67,Bidi~
1,68,gaqi~
1,69,Ridi~
1,70,wunadi~
1,71,cadi~
1,72,tradi~
1,73,kadi~
1,74,kradi~
1,75,kladi~
1,76,klidi~
1,77,SunDa~
1,78,SIkf~\
# 1,79,{sIkf~\
1,80,lokf~\
1,81,Slokf~\
1,82,srokf~\
1,83,drekf~\
1,84,Drekf~\
1,85,rekf~\
1,86,sekf~\
1,87,srekf~\
1,88,sraki~\
1,89,Sraki~\
1,90,Slaki~\
1,91,Saki~\
1,92,aki~\
1,93,vaki~\
1,94,maki~\
1,95,kaka~\
1,96,kuka~\
1,97,vfka~\
1,98,caka~\
1,99,kaki~\
1,100,vaki~\
1,101,Svaki~\
1,102,traki~\
1,103,QOkf~\
1,104,trOkf~\
1,105,zvaska~\
1,106,vaska~\
1,107,maska~\
1,108,wikf~\
1,109,wIkf~\
1,110,tikf~\
1,111,tIkf~\
1,112,raGi~\
1,113,laGi~\
1,114,zvaki~\
1,115,aGi~\
1,116,vaGi~\
1,117,maGi~\
1,118,rAGf~\
1,119,lAGf~\
1,120,drAGf~\
1,121,DrAGf~\
1,122,SlAGf~\
1,123,Pakka~
1,124,taka~
1,125,taki~
1,126,bukka~
1,127,Suka~
1,128,kaKa~
1,129,oKf~
1,130,rAKf~
1,131,lAKf~
1,132,drAKf~
1,133,DrAKf~
1,134,SAKf~
1,135,SlAKf~
1,136,uKa~
1,137,uKi~
1,138,vaKa~
1,139,vaKi~
1,140,maKa~
1,141,maKi~
1,142,RaKa~
1,143,RaKi~
1,144,raKa~
1,145,raKi~
1,146,laKa~
1,147,laKi~
1,148,iKa~
1,149,iKi~
1,150,IKa~
1,151,IKi~
1,152,valga~
1,153,ragi~
1,154,lagi~
1,155,agi~
1,156,vagi~
1,157,magi~
1,158,tagi~
1,159,tvagi~
1,160,tragi~
1,161,Sragi~
1,162,Slagi~
1,163,igi~
1,164,rigi~
1,165,ligi~
# 1,166,(muKi~
# 1,167,(Taki~
1,168,riKa~
1,169,riKi~
1,170,liKa~
1,171,liKi~
1,172,traKa~
1,173,triKi~
1,174,SiKi~
1,175,yugi~
1,176,jugi~
1,177,bugi~
# 1,178,{vugi~
1,179,GaGa~
# 1,180,{GagGa~
1,181,daGi~
1,182,laGi~
1,183,maGi~
1,184,SiGi~
# 1,185,(arGa~
1,186,varca~\
1,187,zaca~\
1,188,locf~\
1,189,Saca~\
1,190,Svaca~\
1,191,Svaci~\
1,192,kaca~\
1,193,kaci~\
1,194,kAci~\
1,195,maca~\
1,196,muci\
1,197,maci~\
1,198,paci~\
1,199,zwuca~\
1,200,fja~\
1,201,fji~\
1,202,BfjI~\
1,203,ejf~\
1,204,Brejf~\
1,205,BrAjf~\
# 1,206,(rejf~\
1,207,Ija\
# 1,208,{Iji~\
# 1,209,(vIja~\
1,210,Suca~
1,211,kuca~
1,212,kuYca~
1,213,kruYca~
1,214,luYca~
1,215,aYcu~
1,216,vaYcu~
1,217,caYcu~
1,218,taYcu~
1,219,tvaYcu~
1,220,mruYcu~
1,221,mluYcu~
1,222,mrucu~
1,223,mlucu~
1,224,grucu~
1,225,glucu~
1,226,kuju~
1,227,Kuju~
1,228,gluYca~
1,229,zasja~
1,230,guja~
1,231,guji~
1,232,arca~
1,233,mleca~
1,234,laca~
1,235,lAci~
1,236,vAci~
1,237,Aci~
1,238,hrIca~
1,239,hurcA~
1,240,murcA~
1,241,sPurcA~
1,242,yuca~
1,243,uci~
1,244,ucI~
1,245,Draja~
1,246,Draji~
# 1,247,(vraja~
# 1,248,(vraji~
1,249,Dfja~
1,250,Dfji~
1,251,Dvaja~
1,252,Dvaji~
# 1,253,(Drija~
1,254,kUja~
1,255,kuji~
1,256,arja~
1,257,zarja~
1,258,garja~
1,259,tarja~
1,260,karja~
1,261,Karja~
1,262,aja~
1,263,teja~
1,264,Kaja~
1,265,kaja~
1,266,Kaji~
1,267,ejf~
1,268,wvo~sPUrjA~
1,269,kzi\
1,270,kzIja~
1,271,laja~
1,272,laji~
1,273,lAja~
1,274,lAji~
1,275,jaja~
1,276,jaji~
1,277,tuja~
1,278,tuji~
1,279,gaja~
1,280,gaji~
1,281,gfja~
1,282,gfji~
1,283,muja~
1,284,muji~
1,285,vaja~
1,286,vraja~
1,287,awwa~\
1,288,vezwa~\
1,289,cezwa~\
1,290,gozwa~\
1,291,lozwa~\
1,292,Gawwa~\
1,293,sPuwa~\
1,294,aWi~\
1,295,vaWi~\
1,296,maWi~\
1,297,kaWi~\
1,298,muWi~\
1,299,heWa~\
1,300,eWa~\
1,301,hiqi~\
1,302,huqi~\
1,303,kuqi~\
1,304,vaqi~\
1,305,maqi~\
1,306,Baqi~\
1,307,piqi~\
1,308,muqi~\
1,309,tuqi~\
1,310,huqi~\
# 1,311,(sPuqi~\
1,312,caqi~\
1,313,Saqi~\
1,314,taqi~\
1,315,paqi~\
1,316,kaqi~\
1,317,Kaqi~\
1,318,heqf~\
1,319,hoqf~\
1,320,bAqf\
# 1,321,{vAqf\
1,322,drAqf~\
1,323,DrAqf~\
1,324,SAqf~\
1,325,SOwf~
1,326,yOwf~
1,327,mrewf~
1,328,mreqf~
# 1,329,{mlewf~
1,330,kawe~
1,331,cawe~
1,332,awa~
1,333,pawa~
1,334,rawa~
1,335,lawa~
1,336,Sawa~
1,337,vawa~
1,338,kiwa~
1,339,Kiwa~
1,340,Siwa~
1,341,ziwa~
1,342,jawa~
1,343,Jawa~
1,344,Bawa~
1,345,tawa~
1,346,Kawa~
1,347,Rawa~
1,348,piwa~
1,349,hawa~
1,350,zawa~
1,351,luwa~
1,352,luqa~
1,353,ciwa~
1,354,viwa~
1,355,biwa~
1,356,hiwa~
1,357,iwa~
1,358,kiwa~
1,359,kawI~
# 1,360,(heWa~
1,361,maqi~
1,362,kuqi~
1,363,kuwi~
1,364,muqa~
1,365,puqa~
1,366,muwa~
1,367,puwa~
1,368,cuqi~
1,369,muqi~
1,370,puqi~
1,371,ruwi~
1,372,luwi~
1,373,ruWi~
1,374,luWi~
1,375,ruqi~
1,376,luqi~
1,377,vawi~
# 1,378,{bawi~
1,379,sPuwi~r
1,380,sPuwi~
1,381,paWa~
1,382,vaWa~
# 1,383,{baWa~
1,384,maWa~
1,385,kaWa~
1,386,raWa~
1,387,rawa~
1,388,haWa~
1,389,ruWa~
1,390,luWa~
1,391,UWa~
1,392,uWa~
1,393,piWa~
1,394,SaWa~
1,395,SuWa~
1,396,SuWi~
1,397,kuWi~
1,398,luWi~
1,399,SuWi~
1,400,ruWi~
1,401,luWi~
1,402,cuqqa~
1,403,aqqa~
1,404,kaqqa~
1,405,krIqf~
1,406,tuqf~
1,407,tUqf~
1,408,huqf~
1,409,hUqf~
1,410,hoqf~
1,411,rOqf~
1,412,roqf~
1,413,loqf~
1,414,aqa~
1,415,laqa~
1,416,lala~
1,417,kaqa~
1,418,kaqi~
1,419,gaqi~
1,420,ti\pf~\
1,421,tepf~\
1,422,zwipf~\
1,423,zwepf~\
1,424,glepf~\
1,425,wuvepf\
1,426,kepf~\
1,427,gepf~\
1,428,glepf~\
1,429,mepf~\
1,430,repf~\
1,431,lepf~\
1,432,hepf~\
1,433,Depf~\
1,434,trapU~\z
1,435,kapi~\
1,436,rabi~\
1,437,labi~\
1,438,abi~\
1,439,labi~\
1,440,kabf~\
1,441,klIbf~\
1,442,kzIbf~\
# 1,443,{kzIvf~\
1,444,SIBf~\
1,445,bIBf~\
1,446,cIBf~\
1,447,reBf~\
1,448,aBi~\
1,449,raBi~\
1,450,laBi~\
1,451,zwaBi~\
1,452,skaBi~\
1,453,jaBI~\
1,454,jfBi~\
1,455,SalBa~\
1,456,valBa~\
1,457,galBa~\
1,458,SramBu~\
1,459,sramBu~\
1,460,zwuBu~\
1,461,gupU~
1,462,DUpa~
1,463,japa~
1,464,jalpa~
1,465,capa~
1,466,zapa~
1,467,rapa~
1,468,lapa~
1,469,cupa~
1,470,tupa~
1,471,tumpa~
1,472,trupa~
1,473,trumpa~
1,474,tuPa~
1,475,tumPa~
1,476,truPa~
1,477,trumPa~
1,478,parpa~
1,479,raPa~
1,480,raPi~
1,481,arba~
1,482,parba~
1,483,larba~
1,484,barba~
1,485,marba~
1,486,karba~
1,487,Karba~
1,488,garba~
1,489,Sarba~
1,490,zarba~
1,491,carba~
1,492,kubi~
1,493,lubi~
1,494,tubi~
1,495,cubi~
1,496,zfBu~
1,497,zfmBu~
1,498,ziBu~
1,499,zimBu~
1,500,SuBa~
1,501,SumBa~
1,502,GiRi~\
1,503,GuRi~\
1,504,GfRi~\
1,505,GuRa~\
1,506,GUrRa~\
1,507,paRa~\
1,508,pana~\
1,509,BAma~\
1,510,kzamU~\z
1,511,kamu~\
1,512,aRa~
1,513,raRa~
1,514,vaRa~
1,515,BaRa~
1,516,maRa~
1,517,kaRa~
1,518,kvaRa~
1,519,vraRa~
1,520,BraRa~
1,521,DvaRa~
1,522,DaRa~
1,523,oRf~
1,524,SoRf~
1,525,SroRf~
1,526,SloRf~
1,527,pERf~
1,528,prERf~
1,529,DraRa~
1,530,baRa~
1,531,kanI~
1,532,zwana~
1,533,vana~
1,534,vana~
1,535,zana~
1,536,ama~
1,537,drama~
1,538,hamma~
1,539,mImf~
1,540,camu~
1,541,camu~
1,542,jamu~
1,543,Jamu~
1,544,jimu~
1,545,kramu~
1,546,aya~\
1,547,vaya~\
1,548,paya~\
1,549,maya~\
1,550,caya~\
1,551,taya~\
1,552,Raya~\
1,553,daya~\
1,554,raya~\
1,555,laya~\
1,556,UyI~\
1,557,pUyI~\
1,558,knUyI~\
1,559,kzmAyI~\
1,560,sPAyI~\
1,561,o~pyAyI~\
1,562,tAyf~\
1,563,Sala~\
1,564,vala\
1,565,valla~\
1,566,mala~\
1,567,malla~\
1,568,Bala~\
1,569,Balla~\
1,570,kala~\
1,571,kalla~\
1,572,tevf~\
1,573,devf~\
1,574,zevf~\
1,575,gevf~\
1,576,glevf~\
1,577,pevf~\
1,578,mevf~\
1,579,mlevf~\
1,580,Sevf~\
1,581,Kevf~\
1,582,plevf~\
1,583,kevf~\
1,584,revf~\
1,585,mavya~
1,586,zUrkzya~
1,587,Irkzya~
1,588,Irzya~
1,589,haya~
1,590,Sucya~
1,591,cucya~
1,592,harya~
1,593,ala~
1,594,YiPalA~
1,595,mIla~
1,596,SmIla~
1,597,smIla~
1,598,kzmIla~
1,599,pIla~
1,600,RIla~
1,601,SIla~
1,602,kIla~
1,603,kUla~
1,604,SUla~
1,605,tUla~
1,606,pUla~
1,607,mUla~
1,608,Pala~
1,609,culla~
1,610,Pulla~
1,611,cilla~
1,612,tila~
1,613,tilla~
1,614,velf~
1,615,celf~
1,616,kelf~
1,617,Kelf~
1,618,kzvelf~
1,619,vella~
# 1,620,{vehla~
1,621,pelf~
1,622,Pelf~
1,623,Self~
1,624,zelf~
1,625,sKala~
1,626,Kala~
1,627,gala~
1,628,zala~
1,629,dala~
1,630,Svala~
1,631,Svalla~
1,632,Kolf~
1,633,Korf~
1,634,Dorf~
1,635,tsara~
1,636,kmara~
1,637,aBra~
1,638,vaBra~
1,639,maBra~
1,640,cara~
1,641,zWivu~
1,642,ji~\
1,643,jIva~
1,644,pIva~
1,645,mIva~
1,646,tIva~
1,647,RIva~
1,648,kzivu~
1,649,kzevu~
1,650,urvI~
1,651,turvI
1,652,TurvI
1,653,durvI~
1,654,DurvI~
1,655,gurvI~
1,656,murvI~
1,657,purva~
1,658,parva~
1,659,marva~
1,660,carva~
1,661,Barva~
# 1,662,{Barba~
# 1,663,{BarBa~
1,664,karva~
1,665,Karva~
1,666,garva~
1,667,arva~
1,668,Sarva~
1,669,zarva~
1,670,ivi~
1,671,pivi~
1,672,mivi~
1,673,Rivi~
1,674,zivi~
1,675,hivi~
1,676,divi~
1,677,Divi~
1,678,jivi~
1,679,rivi~
1,680,ravi~
1,681,Davi~
1,682,kfvi~
1,683,mava~
1,684,ava~
1,685,DAvu~^
1,686,Dukza~\
1,687,Dikza~\
1,688,vfkza~\
1,689,Sikza~\
1,690,Bikza~\
1,691,kleSa~\
1,692,dakza~\
1,693,dIkza~\
1,694,Ikza~\
1,695,Iza~\
1,696,BAza~\
1,697,varza~\
1,698,gezf~\
1,699,glezf~
1,700,pezf~\
1,701,ezf~\
1,702,yezf~\
1,703,jezf~\
1,704,Rezf~\
1,705,ezf~\
1,706,prezf~\
1,707,rezf~\
1,708,hezf~\
1,709,hrezf~\
1,710,kAsf~\
1,711,BAsf~\
1,712,RAsf~\
1,713,rAsf~\
1,714,Rasa~\
1,715,Byasa~\
1,716,ANaH\
1,717,grasu~\
1,718,glasu~\
1,719,Iha~\
1,720,bahi~\
1,721,mahi~\
1,722,ahi~\
1,723,garha~\
1,724,galha~\
1,725,barha~\
1,726,balha~\
1,727,varha~\
1,728,valha~\
1,729,pliha~\
1,730,vehf~\
1,731,jehf~\
1,732,bAhf~\
1,733,drAhf~\
1,734,kASf~\
1,735,Uha~\
1,736,gAhU~\
1,737,gfhU~\
1,738,glaha~\
1,739,Guzi~\
1,740,Gaza~\
1,741,Guzi~r
1,742,akzU~
1,743,takzU~
1,744,tvakzU~
1,745,ukza~
1,746,rakza~
1,747,Rikza~
1,748,trakza~
1,749,zwrakza~
1,750,tfkza~
1,751,zwfkza~
1,752,Rakza~
1,753,vakza~
1,754,mfkza~
1,755,mrakza~
1,756,takza~
1,757,pakza~
1,758,sUrkza~
1,759,zarkza~
1,760,kAkzi~
1,761,vAkzi~
1,762,mAkzi~
1,763,drAkzi~
1,764,DrAkzi~
1,765,DvAkzi~
# 1,766,{DmAkzi~
1,767,cUza~
1,768,tUza~
1,769,pUza~
1,770,mUza~
1,771,lUza~
1,772,rUza~
1,773,SUza~
# 1,774,{sUza~
1,775,yUza~
1,776,jUza~
1,777,BUza~
1,778,tasi~
1,779,Uza~
1,780,Iza~
1,781,kaza~
1,782,Kaza~
1,783,Siza~
1,784,jaza~
1,785,Jaza~
1,786,Saza~
1,787,vaza~
1,788,maza~
1,789,ruza~
1,790,riza~
1,791,Baza~
1,792,uza~
1,793,jizu~
1,794,vizu~
1,795,mizu~
1,796,Rizu~
1,797,puza~
1,798,Srizu~
1,799,Slizu~
1,800,pruzu~
1,801,pluzu~
1,802,pfzu~
1,803,vfzu~
1,804,mfzu~
1,805,Gfzu~
1,806,hfzu~
1,807,tusa~
1,808,hrasa~
1,809,hlasa~
1,810,rasa~
1,811,lasa~
1,812,Gasx~
1,813,jartsa~
1,814,carca~
1,815,Jartsa~
1,816,pisf~
1,817,pesf~
1,818,visa~
1,819,vesa~
1,820,bisa~
1,821,besa~
1,822,hase~
1,823,RiSa~
1,824,miSa~
1,825,maSa~
1,826,Sava~
1,827,SaSa~
1,828,Sasu~
1,829,SaMsu~
1,830,caha~
1,831,maha~
1,832,raha~
1,833,rahi~
1,834,dfha~
1,835,dfhi~
1,836,bfha~
1,837,bfhi~
1,838,tuhi~r
1,839,duhi~r
1,840,uhi~r
1,841,arha~
1,842,dyuta~\
1,843,SvitA~
1,844,YimidA~\
1,845,YizvidA~\
1,846,YikzvidA~
1,847,ruca~\
1,848,Guwa~\
1,849,ruwa~\
1,850,luwa~\
1,851,luWa~\
1,852,uWa~\
1,853,SuBa~\
1,854,kzuBa~\
1,855,RaBa~\
1,856,tuBa~\
1,857,sraMsu~\
1,858,DvaMsu~\
1,859,BraMsu~\
1,860,BraMSu~
1,861,sramBu~\
1,862,vftu~\
1,863,vfDu~\
1,864,SfDu~\
1,865,syandU~\
1,866,kfpU~\
1,867,Gawa~\
1,868,vyaTa~\
1,869,praTa~\
1,870,prasa~\
1,871,mrada~\
1,872,sKada~\
1,873,kzaji~\
1,874,dakza~\
1,875,kfpa~\
1,876,krapa~\
1,877,kapa~\
1,878,kadi~\
1,879,kradi~\
1,880,kladi~\
1,881,kada~\
1,882,krada~\
1,883,klada~\
1,884,YitvarA~\
1,885,jvara~
1,886,gaqa~
1,887,heqa~
1,888,vawa~
1,889,Bawa~
1,890,Rawa~
1,891,zwaka~
1,892,caka~
1,893,kaKe~
1,894,rage~
1,895,lage~
1,896,hrage~
1,897,hlage~
1,898,zage~
1,899,zWage~
1,900,kage~
1,901,aka~
1,902,aga~
1,903,kaRa~
1,904,raRa~
1,905,caRa~
1,906,SaRa~
1,907,SraRa~
1,908,SraTa~
1,909,SnaTa~
1,910,SlaTa~
1,911,knaTa~
1,912,kraTa~
1,913,klaTa~
1,914,cana~
1,915,vanu~
1,916,jvala~
1,917,hvala~
1,918,hmala~
1,919,smf
1,920,dF
1,921,nF
1,922,SrA
# 1,923,???
1,924,kampa^ne
1,925,cadir
# 1,926,???
1,927,madI~
1,928,Dvana~
1,929,dali
1,930,vali
1,931,sKali
1,932,raRi
1,933,Dvani
1,934,trapi
# 1,935,???
1,936,svana~
1,937,janI~
1,938,jFz
1,939,knasu~
1,940,raYjo
1,941,jvala~
1,942,hvala~
1,943,hmala~
# 1,944,???
1,945,glA
1,946,snA
1,947,vanu~
1,948,vamAM^
1,949,na
1,950,ami
1,951,camA^m
1,952,Samo
1,953,yamo
1,954,sKadir
1,955,PaRa~
1,956,rAjf~^
1,957,wuBrAjf~\
1,958,wuBrASf~\
1,959,wuBlASf~\
1,960,syamu~
1,961,svana~
1,962,Dvana~
1,963,zama~
1,964,zwama~
1,965,jvala~
1,966,cala~
1,967,jala~
1,968,wala~
1,969,wvala~
1,970,zWala~
1,971,hala~
1,972,Rala~
1,973,pala~
1,974,bala~
1,975,pula~
1,976,kula~
1,977,Sala~
1,978,hula~
1,979,patx~
1,980,hula~
1,981,kvaTe~
1,982,paTe~
1,983,maTe~
1,984,wuvama~
1,985,Bramu~
1,986,kzara~
1,987,kzura~
1,988,zaha~\
1,989,ra\mu~\
1,990,za\dx~
1,991,Sa\dx~
1,992,kru\Sa~
1,993,kuca~
1,994,buDa~
1,995,ruH\a~
1,996,kasa~
1,997,hikka~^
1,998,aYcu~^
1,999,acu~^
1,1000,aci~
1,1001,wuyAcf~^
1,1002,rewf~^
1,1003,cate~^
1,1004,cade~^
1,1005,proTf~^
1,1006,midf~^
1,1007,medf~^
1,1008,miTf~^
1,1009,meTf~^
1,1010,miDf~^
1,1011,meDf~^
1,1012,Ridf~^
1,1013,Redf~^
1,1014,SfDu~^
1,1015,mfDu~^
1,1016,buDi~^r
1,1017,u~bundi~^r
1,1018,veRf~^
1,1019,venf~^
1,1020,Kanu~^
1,1021,cIvf~^
# 1,1022,{cIbf~^
1,1023,cAyf~^
1,1024,vyaya~^
1,1025,dASf~^
1,1026,Bezf~^
1,1027,Brezf~^
1,1028,Blezf~^
1,1029,asa~^
1,1030,aza~^
# 1,1031,(aya~^
1,1032,spaSa~^
1,1033,laza~^
1,1034,caza~^
1,1035,caza~^
1,1036,Jaza~^
1,1037,Brakza~^
1,1038,Blakza~^
1,1039,Bakza~^
1,1040,plakza~^
1,1041,dAsf~^
1,1042,mAhf~^
1,1043,guhU~^
1,1044,SriY
1,1045,Bf\Y
1,1046,hf\Y
1,1047,Df\Y
# 1,1048,(kf\Y
1,1049,RI\Y
1,1050,De\w
1,1051,glE\
1,1052,mlE\
1,1053,dyE\
1,1054,drE\
1,1055,DrE\
1,1056,DyE\
1,1057,rE\
1,1058,styE\
1,1059,zwyE\
1,1060,KE\
1,1061,kzE\
1,1062,jE\
1,1063,zE\
1,1064,kE\
1,1065,gE\
1,1066,SE\
1,1067,SrE\
1,1068,srE\
1,1069,pE\
1,1070,o~vE
1,1071,zwE\
1,1072,zRE\
1,1073,dE\p
1,1074,pA\
1,1075,GrA\
1,1076,DmA\
1,1077,zWA\
1,1078,mnA\
1,1079,dA\R
1,1080,hvf\
1,1081,svf\
1,1082,smf\
1,1083,dvf\
1,1084,hvf\
1,1085,sf\
1,1086,f\
1,1087,gf\
1,1088,Gf\
1,1089,Dvf\
1,1090,sru\
1,1091,zu\
1,1092,Sru\
1,1093,Dru\
1,1094,du\
1,1095,dru\
1,1096,ji\
1,1097,jri\
1,1098,ju\
1,1099,zmi\N
1,1100,gu\N
1,1101,gA\N
1,1102,u\N
1,1103,ku\N
1,1104,Ku\N
1,1105,gu\N
1,1106,Gu\N
1,1107,NuN
1,1108,cyu\N
1,1109,jyu\N
1,1110,ju\N
1,1111,pru\N
1,1112,plu\N
1,1113,klu\N
1,1114,ru\N
1,1115,Df\N
1,1116,me\N
1,1117,de\N
1,1118,SyE\N
1,1119,pyE\N
1,1120,trE\N
1,1121,pUN
1,1122,mUN
1,1123,qIN
1,1124,tF
1,1125,gupa~\
1,1126,tija~\
1,1127,mAna~\
1,1128,baDa~\
1,1129,ra\Ba~\
1,1130,qula\Ba~\z
1,1131,zva\Yja~\
1,1132,ha\da~\
1,1133,YikzvidA~
1,1134,ska\ndi~r
1,1135,ya\Ba~
1,1136,Ra\ma~
1,1137,ga\mx~
1,1138,sf\px~
1,1139,ya\ma~
1,1140,ta\pa~
1,1141,tya\ja~
1,1142,za\Yja~
1,1143,df\Si~r
1,1144,daM\Sa~
1,1145,kf\za~
1,1146,da\ha~
1,1147,mih\a~
1,1148,kita~
1,1149,dAna~^
1,1150,SAna~^
1,1151,qupa\ca~^z
1,1152,zaca~^
1,1153,Ba\ja~^
1,1154,ra\Yja~^
1,1155,Sa\pa~^
1,1156,tvi\za~^
1,1157,ya\ja~^
1,1158,quva\pa~^
1,1159,vah\a~^
1,1160,va\sa~
1,1161,ve\Y
1,1162,vye\Y
1,1163,hve\Y
1,1164,vada~
1,1165,wvo~Svi
2,1,a\da~
2,2,ha\na~
2,3,dvi\za~^
2,4,duH\a~^
2,5,diH\a~^
2,6,liH\a~^
2,7,ca\kzi~\N
2,8,Ira~\
2,9,Iqa~\
2,10,ISa~\
2,11,Asa~\
2,12,ANaH\
2,13,vasa~\
2,14,kasi~\
2,15,kasa~\
2,16,kaSa~\
2,17,Risi~\
2,18,Riji~\
2,19,Siji~\
2,20,piji~\
2,21,pfji~\
2,22,vfjI~\
2,23,vfji~\
2,24,pfcI~\
2,25,zUN
2,26,SIN
2,27,yu
2,28,ru
2,29,tu
2,30,Ru
2,31,wukzu
2,32,kzRu
2,33,zRu
2,34,UrRuY
2,35,dyu\
2,36,zu\
2,37,ku\
2,38,zwu\Y
2,39,brUY
2,40,i\R
2,41,i\N
2,42,i\k
2,43,vI\
2,44,yA\
2,45,vA\
2,46,BA\
2,47,zRA\
2,48,SrA\
2,49,drA\
2,50,psA\
2,51,pA\
2,52,rA\
2,53,lA\
2,54,dA\p
2,55,KyA\
2,56,prA\
2,57,mA\
2,58,va\ca~
2,59,vida~
2,60,asa~
2,61,mfjU~
2,62,rudi~r
2,63,Yizva\pa~
2,64,Svasa~
2,65,ana~
2,66,jakza~
2,67,jAgf
2,68,daridrA
2,69,cakAsf~
2,70,SAsu~
2,71,dIDIN
2,72,vevIN
2,73,zasa~
2,74,zasti~
2,75,vaSa~
2,76,hnu\N
3,1,hu\
3,2,YiBI\
3,3,hrI\
3,4,pF\
3,5,pf\
3,6,quBf\Y
3,7,mA\N
3,8,o~hA\N
3,9,o~hA\k
3,10,qudA\Y
3,11,quDA\Y
3,12,Ri\ji~^r
3,13,vi\ji~^r
3,14,vi\zx~^
3,15,Gf\
3,16,hf\
3,17,f\
3,18,sf\
3,19,Basa~
3,20,ki\
# 3,21,(kita~
3,22,tura~
3,23,Diza~
3,24,Dana~
3,25,jana~
3,26,gA\
4,1,divu~
4,2,zivu~
4,3,srivu~
4,4,zWivu~
4,5,zRusu~
4,6,zRasu~
4,7,knasu~
4,8,vyuza~
4,9,pluza~
4,10,nftI~
4,11,trasI~
4,12,kuTa~
4,13,puTa~
4,14,guDa~
4,15,kzi\pa~
4,16,puzpa~
4,17,tima~
4,18,tIma~
4,19,zwima~
4,20,zwIma~
4,21,vrIqa~
# 4,22,izu~
4,23,zaha~
4,24,zuha~
4,25,jFz
4,26,JFz
4,27,zUN
4,28,dUN
4,29,dIN
4,30,qI\N
4,31,DI\N
4,32,mI\N
4,33,rI\N
4,34,lI\N
4,35,vrI\N
4,36,pI\N
4,37,mA\N
4,38,I\N
4,39,prI\N
4,40,So\
4,41,co\
4,42,zo\
4,43,do\
4,44,janI~\
4,45,dIpI~\
4,46,pUrI~\
4,47,tUrI~\
4,48,DUrI\
4,49,gUrI~\
4,50,GUrI\
4,51,jUrI~\
4,52,SUrI~\
4,53,cUrI~\
4,54,ta\pa~\
4,55,vftu~\
4,56,vAvftu~\
4,57,kliSa~\
4,58,kASf~\
4,59,vASf~\
4,60,mfza~^
4,61,I~Suci~^r
4,62,Rah\a~^
4,63,ra\Yja~^
4,64,Sa\pa~^
4,65,pa\da~\
4,66,Ki\da~\
4,67,vi\da~\
4,68,bu\Da~\
4,69,yu\Da~\
4,70,anoru\Da~\
4,71,aRa~\
4,72,ana~\
4,73,ma\na~\
4,74,yu\ja~\
4,75,sf\ja~\
4,76,li\Sa~\
4,77,rA\Do
4,78,vya\Da~
4,79,pu\za~
4,80,Su\za~
4,81,tu\za~
4,82,du\za~
4,83,Sli\za~
4,84,Sa\ka~^
4,85,zvi\dA~
4,86,kru\Da~
4,87,kzu\Da~
4,88,Su\Da~
4,89,zi\Du~
4,90,ra\Da~
4,91,Ra\Sa~
4,92,tf\pa~
4,93,df\pa~
4,94,druh\a~
4,95,muh\a~
4,96,zRuh\a~
4,97,zRih\a~
4,98,Samu~
4,99,tamu~
4,100,damu~
4,101,Sramu~
4,102,Bramu~
4,103,kzamU~
4,104,klamu~
4,105,madI~
4,106,asu~
4,107,yasu~
4,108,jasu~
4,109,tasu~
4,110,dasu~
4,111,vasu~
4,112,basu~
4,113,Basu~
4,114,vyuza~
4,115,vyusa~
4,116,byusa~
4,117,busa~
4,118,vusa~
# 4,119,{pyuza~
# 4,120,{pyusa~
# 4,121,{puza~
4,122,pluza~
4,123,visa~
# 4,124,{bisa~
4,125,kusa~
# 4,126,{kuSa~
# 4,127,{kuMsa~
# 4,128,{kuMSa~
4,129,busa~
4,130,musa~
4,131,masI~
4,132,samI~
4,133,luwa~
# 4,134,{luWa~
4,135,uca~
4,136,BfSu~
4,137,BfMSu~
4,138,BraMSu~
4,139,vfSa~
4,140,kfSa~
4,141,Yitfza~
4,142,hfza~
4,143,ruza~
4,144,riza~
4,145,qipa~
4,146,kupa~
4,147,gupa~
4,148,yupa~
4,149,rupa~
4,150,lupa~
4,151,zwupa~
# 4,152,{zwUpa~
4,153,luBa~
4,154,kzuBa~
4,155,RaBa~
4,156,tuBa~
4,157,klidU~
4,158,YimidA~
4,159,YikzvidA~
4,160,fDu~
4,161,gfDu~
5,1,zu\Y
5,2,zi\Y
5,3,Si\Y
5,4,qu\mi\Y
5,5,ci\Y
5,6,stf\Y
5,7,kf\Y
5,8,vfY
5,9,Du\Y
5,10,DUY
5,11,wudu\
5,12,hi\
5,13,pf\
5,14,spf\
5,15,smf\
5,16,A\px~
5,17,Sa\kx~
5,18,rA\Da~
5,19,sA\Da~
5,20,aSU~\
5,21,zwiGa~\
5,22,tika~
5,23,tiga~
5,24,zaGa~
5,25,YiDfzA~
5,26,damBu~
5,27,fDu~
5,28,tfpa~
5,29,aha~
5,30,daGa~
5,31,camu~
5,32,ri
5,33,kzi
5,34,ciri
5,35,jiri
5,36,dASa~
5,37,dF
5,38,f
5,39,kzI
6,1,tu\da~^
6,2,Ru\da~^
6,3,di\Sa~^
6,4,Bra\sja~^
6,5,kzi\pa~^
6,6,kf\za~^
6,7,fzI~
6,8,juzI~\
6,9,o~vijI~\
6,10,o~lajI~\
6,11,o~lasjI~\
6,12,o~vraScU~
6,13,vyaca~
6,14,uci~
6,15,ucI~
6,16,fca~
6,17,mica~
6,18,jarja~
6,19,carca~
6,20,JarJa~
6,21,tvaca~
6,22,fca~
6,23,ubja~
6,24,ujJa~
6,25,luBa~
6,26,riPa~
6,27,riha~
6,28,tfpa~
6,29,tfmpa~
6,30,tfPa~
6,31,tfmPa~
6,32,tupa~
6,33,tumpa~
6,34,tuPa~
6,35,tumPa~
6,36,dfpa~
6,37,dfmpa~
6,38,dfPa~
6,39,dfmPa~
6,40,fPa~
6,41,fmPa~
6,42,guPa~
6,43,gumPa~
6,44,uBa~
6,45,umBa~
6,46,SuBa~
6,47,SumBa~
6,48,dfBI~
6,49,cftI~
6,50,viDa~
6,51,juqa~
6,52,juna~
6,53,mfqa~
6,54,pfqa~
6,55,pfRa~
6,56,vfRa~
6,57,mfRa~
6,58,tuRa~
6,59,puRa~
6,60,muRa~
6,61,kuRa~
6,62,Suna~
6,63,druRa~
6,64,GuRa~
6,65,GUrRa~
6,66,zura~
6,67,kura~
6,68,Kura~
6,69,mura~
6,70,kzura~
6,71,Gura~
6,72,pura~
6,73,vfhU~
6,74,bfhU~
6,75,tfhU~
6,76,stfhU~
6,77,tfMhU~
6,78,izu~
6,79,miza~
6,80,kila~
6,81,tila~
6,82,cila~
6,83,cala~
6,84,ila~
6,85,vila~
6,86,bila~
6,87,Rila~
6,88,hila~
6,89,Sila~
6,90,zila~
6,91,mila~
6,92,liKa~
6,93,kuwa~
6,94,puwa~
6,95,kuca~
6,96,guja~
6,97,guqa~
6,98,qipa~
# 6,99,cura~
6,100,sPuwa~
6,101,muwa~
6,102,truwa~
6,103,tuwa~
6,104,cuwa~
6,105,cuwa~
6,106,juqa~
6,107,juwa~
6,108,kaqa~
6,109,luwa~
6,110,luWa~
6,111,luqa~
6,112,kfqa~
6,113,kuqa~
6,114,puqa~
6,115,Guwa~
6,116,tuqa~
6,117,Tuqa~
6,118,sTuqa~
6,119,Kuqa~
6,120,cuqa~
6,121,sPura~
6,122,sPula~
6,123,sPara~
6,124,sPala~
6,125,sPuqa~
6,126,cuqa~
6,127,vruqa~
6,128,kruqa~
6,129,Bfqa~
# 6,130,(huqa~
6,131,gurI~\
6,132,RU
6,133,DU
6,134,gu\
6,135,Dru\
6,136,kuN
6,137,kUN
6,138,pf\N
6,139,mf\N
6,140,ri\
6,141,pi\
6,142,Di\
6,143,kzi\
6,144,zU
6,145,kF
6,146,gF
6,147,df\N
6,148,Df\N
6,149,pra\ca~
6,150,sf\ja~
6,151,wuma\sjo~
6,152,ru\jo~
6,153,Bu\jo~
6,154,cu\pa~
6,155,ru\Sa~
6,156,ri\Sa~
6,157,li\Sa~
6,158,spf\Sa~
6,159,vicCa~
6,160,vi\Sa~
6,161,mf\Sa~
6,162,Ru\da~
6,163,za\dx~
6,164,Sa\dx~
6,165,mila~^
6,166,mu\cx~^
6,167,lu\px~^
6,168,vidx~^
6,169,li\pa~^
6,170,zi\ca~^
6,171,kftI~
6,172,Ki\da~
6,173,piSa~
7,1,ru\Di~^r
7,2,Bi\di~^r
7,3,ci\di~^r
7,4,ri\ci~^r
7,5,vi\ci~^r
7,6,kzu\di~^r
7,7,yu\ji~^r
7,8,u~cfdi~^r
7,9,u~tfdi~^r
7,10,kftI~
7,11,YiinDI~\
7,12,Ki\da~\
7,13,vi\da~\
7,14,Si\zx~
7,15,pi\zx~
7,16,Ba\Yjo~
7,17,Bu\ja~
7,18,tfha~
7,19,hisi~
7,20,undI~
7,21,aYjU~
7,22,taYcU~
7,23,o~vijI~
7,24,vfjI~
7,25,pfcI~
8,1,tanu~^
8,2,zanu~^
8,3,kzaRu~^
8,4,kziRu~^
8,5,fRu~^
8,6,tfRu~^
8,7,GfRu~^
8,8,vanu~\
8,9,manu~\
8,10,qukf\Y
9,1,qukrI\Y
9,2,prI\Y
9,3,SrI\Y
9,4,mI\Y
9,5,zi\Y
9,6,sku\Y
9,7,sta\mBu~
9,8,stu\mBu~
9,9,ska\mBu~
9,10,sku\mBu~
9,11,yu\Y
9,12,knUY
9,13,drUY
9,14,pUY
9,15,mUY
9,16,lUY
9,17,stFY
9,18,kFY
9,19,vFY
9,20,DUY
9,21,SF
9,22,pF
9,23,vF
9,24,BF
9,25,mF
9,26,dF
9,27,jF
9,28,JF
9,29,DF
9,30,nF
9,31,kF
9,32,F
9,33,gF
9,34,jyA\
9,35,rI\
9,36,lI\
9,37,vlI\
# 9,38,{blI\
9,39,plI\
9,40,vrI\
9,41,BrI\
9,42,kzI\z
9,43,jYA\
9,44,ba\nDa~
9,45,vfN
9,46,SranTa~
9,47,manTa~
9,48,SranTa~
9,49,granTa~
9,50,kunTa~
9,51,mfda~
9,52,mfqa~
9,53,guDa~
9,54,kuza~
9,55,kzuBa~
9,56,RaBa~
9,57,tuBa~
9,58,kliSU~
9,59,aSa~
9,60,u~Dra\sa~
9,61,iza~
9,62,vi\za~
9,63,pruza~
9,64,pluza~
9,65,puza~
9,66,muza~
9,67,Kaca~
9,68,Kava~
9,69,heWa~
# 9,70,{heQa~
9,71,graha~^
10,1,cura~
10,2,citi~
10,3,yatri~
10,4,sPuqi~
10,5,sPuwi~
10,6,lakza~
10,7,kudri~
10,8,kudf~
10,9,kuqi~
10,10,laqa~
10,11,midi~
10,12,mida~
10,13,o~laqi~
10,14,olaqi~
10,15,jala~
10,16,laja~
10,17,pIqa~
10,18,nawa~
10,19,SraTa~
10,20,baDa~
10,21,banDa~
10,22,pF~
10,23,Urja~
10,24,pakza~
10,25,varRa~
10,26,cUrRa~
10,27,praTa~
10,28,pfTa~
10,29,paTa~
10,30,zamba~
10,31,Samba~
10,32,sAmba~
10,33,Bakza~
10,34,kuwwa~
10,35,puwwa~
10,36,cuwwa~
10,37,awwa~
10,38,zuwwa~
10,39,luRwa~
10,40,luRWa~
10,41,SaWa~
10,42,SvaWa~
10,43,SvaWi~
10,44,tuja~
10,45,tuji~
10,46,pija~
10,47,piji~
10,48,laji~
10,49,luji~
10,50,pisa~
10,51,zAntva~
# 10,52,{SAntva~
10,53,Svalka~
10,54,valka~
# 10,55,zRiha~
10,56,sPiwa~
10,57,smiwa~
10,58,zmiN
10,59,Sliza~
10,60,paTi~
10,61,pica~
10,62,cadi~
10,63,SraRa~
10,64,taqa~
10,65,Kaqa~
10,66,Kaqi~
10,67,kaqi~
10,68,kuqi~
10,69,guqi~
10,70,kuWi~
10,71,guWi~
10,72,Kuqi~
10,73,vawi~
10,74,vaqi~
10,75,caqi~
10,76,maqi~
10,77,Baqi~
10,78,carda
10,79,pusta~
10,80,busta~
10,81,cuda~
10,82,nakka~
10,83,Dakka~
10,84,cakka~
10,85,cukka~
10,86,kzala~
10,87,tala~
10,88,tula~
10,89,dula~
10,90,pula~
10,91,cula~
10,92,mUla~
10,93,kala~
10,94,vila~
10,95,bila~
10,96,tila~
10,97,cala~
10,98,pAla~
10,99,pala~
10,100,lUza~
10,101,Sulba~
10,102,SUrpa~
10,103,cuwa~
10,104,muwa~
# 10,105,piSa~
10,106,paqi~
10,107,pasi~
# 10,108,{paSi~
10,109,vraja~
10,110,Sulka~
10,111,capi~
10,112,kzapi~
10,113,kzaji~
# 10,114,{caji~
10,115,Svarta~
# 10,116,{svarta~
10,117,SvaBra~
10,118,jYapa~
10,119,yama~
10,120,caha~
10,121,capa~
10,122,raha~
10,123,bala~
10,124,ciY
10,125,Gawwa~
10,126,musta~
10,127,Kawwa~
10,128,zawwa~
10,129,sPiwwa~
10,130,cubi~
10,131,pUla~
10,132,pUrRa~
10,133,puRa~
10,134,puMsa~
10,135,waki~
10,136,vyapa~
10,137,vyaya~
10,138,vipa~
10,139,DUsa~
10,140,DUza~
10,141,DUSa~
10,142,kIwa~
10,143,cUrRa~
10,144,pUja~
10,145,arka~
10,146,SuWa~
10,147,SuWi~
10,148,juqa~
10,149,gaja~
10,150,mArja~
10,151,marca~
10,152,Gf
10,153,paci~
10,154,tija~
10,155,kFta~
10,156,varDa~
10,157,kubi~
10,158,kuBi~
10,159,lubi~
10,160,tubi~
10,161,hlapa~
10,162,klapa~
10,163,hrapa~
10,164,cuwi~
# 10,165,(mfqi~
# 10,166,(tuqi~
10,167,ila~
10,168,mrakza~
# 10,169,{mraca~
10,170,mleca~
10,171,mrakza~
10,172,brUsa~
10,173,barha~
# 10,174,{vrUsa~
# 10,175,{varha~
10,176,vrUza~
10,177,garja~
10,178,garda~
10,179,garDa~
10,180,gurda~
10,181,pUrva~
10,182,jasi~
10,183,Iqa~
10,184,jasu~
10,185,piqi~
# 10,186,{piWi~
10,187,ruza~
10,188,ruwa~
10,189,qipa~
10,190,zwupa~
# 10,191,{zwUpa~
10,192,cita~\
10,193,daSi~\
10,194,dasi~\
10,195,dasa~\
10,196,qapa~\
10,197,qipa~\
10,198,tatri~\
10,199,matri~\
10,200,spaSa~\
10,201,tarja~\
10,202,Bartsa~\
10,203,basta~\
10,204,ganDa~\
# 10,205,{vasta~\
# 10,206,{hasta~\
10,207,vizka~\
10,208,hizka~\
10,209,nizka~\
10,210,lala~\
10,211,kURa~\
10,212,tURa~\
10,213,BrURa~\
10,214,SaWa~\
10,215,yakza~\
10,216,syama~\
10,217,gUra~\
10,218,Sama~\
10,219,lakza~\
10,220,kutsa~\
10,221,truwa~\
10,222,kuwa~\
10,223,gala~\
10,224,Bala~\
10,225,kUwa~\
10,226,kuwwa~\
10,227,vaYcu~\
10,228,vfza~\
10,229,mada~\
10,230,divu~\
10,231,gF
10,232,vida~\
10,233,mana~\
10,234,mAna~\
10,235,yu
10,236,kusma~\
10,237,carca~
10,238,bukka~
10,239,Sabda~
10,240,kaRa~
10,241,jaBi~
10,242,zUda~
10,243,jasu~
10,244,paSa~
10,245,ama~
10,246,cawa~
10,247,sPuwa~
10,248,Gawa~
# 10,249,divu~
10,250,arja~
10,251,Guzi~r
10,252,ANaH^
10,253,lasa~
10,254,tasi~
10,255,BUza~
10,256,mokza~
10,257,arha~
10,258,jYA
10,259,Baja~
10,260,SfDu~
10,261,yata~
10,262,raka~
10,263,laga~
10,264,raGa~
10,265,raga~
10,266,aYcu~
10,267,ligi~
10,268,muda~
10,269,trasa~
10,270,u~Drasa~
10,271,uGrasa~
10,272,muca~
10,273,vasa~
# 10,274,cara~
10,275,cyu
10,276,vyusa~
10,277,Bu\vo
10,278,kf\peSca^
10,279,grasa~
10,280,puza~
10,281,dala~
10,282,pawa~
10,283,puwa~
10,284,luwa~
10,285,tuji~
10,286,miji~
10,287,piji~
10,288,liji~
10,289,luji~
10,290,Baji~
10,291,laGi~
10,292,trasi~
10,293,pisi~
10,294,kusi~
10,295,daSi~
10,296,kuSi~
10,297,Gawa~
10,298,Gawi~
10,299,bfhi~
10,300,barha~
10,301,balha~
10,302,gupa~
10,303,DUpa~
10,304,vica~
10,305,cIva~
10,306,puTa~
10,307,lokf~
10,308,locf~
10,309,Raqa~
10,310,kupa~
10,311,tarka~
10,312,vftu~
10,313,vfDu~
10,314,ruwa~
10,315,laji~
10,316,aji~
10,317,dasi~
10,318,BfSi~
10,319,ruSi~
10,320,SIka~
10,321,rusi~
10,322,nawa~
10,323,puwi~
10,324,ji
10,325,ci
10,326,raGi~
10,327,laGi~
10,328,ahi~
10,329,rahi~
10,330,mahi~
10,331,laqi~
10,332,taqa~
10,333,nala~
10,334,pUrI~
10,335,ruja~
10,336,zvada~
10,337,svAda~
10,338,yuja~
10,339,pfca~
10,340,arca~
10,341,zaha~
10,342,Ira~
10,343,lI
10,344,vfjI~
10,345,vfY
# 10,346,jF
10,347,jri
10,348,rica~
10,349,Siza~
10,350,tapa~
10,351,tfpa~
10,352,cfdI~
10,353,cfpa~
10,354,cfpa~
10,355,tfpa~
10,356,dfpa~
10,357,dfBI~
10,358,dfBa~
10,359,cada~
10,360,SraTa~
10,361,mI
10,362,granTa~
10,363,SIka~
10,364,cIka~
10,365,arda~
# 10,366,hisi~
10,367,arha~
10,368,A\NaH
10,369,SunDa~
10,370,cada~
10,371,juza~
# 10,372,DUY
10,373,prIY
10,374,SranTa~
10,375,granTa~
10,376,Apx~
10,377,tanu~
10,378,cana~
10,379,vada~^
10,380,vaca~
10,381,mAna~
# 10,382,BU
10,383,garha~
10,384,mArga~
10,385,kaWi~
10,386,mfjU~
10,387,mfza~^
10,388,Dfza~
10,389,kaTa~
10,390,vara~
10,391,gaRa~
10,392,SaWa~
10,393,SvaWa~
10,394,pawa~
10,395,vawa~
10,396,raha~
10,397,raNga~
10,398,stana~
10,399,gadI~
10,400,pata~
10,401,paza~
10,402,svara~
10,403,raca~
10,404,kala~
10,405,caha~
10,406,maha~
10,407,sAra
10,408,kfpa~
10,409,SraTa~
10,410,spfha~
10,411,BAma~
10,412,sUca~
10,413,Kewa~
10,414,Keqa~
10,415,Kowa~
10,416,kzowa~
10,417,goma~
10,418,kumAra~
10,419,SIla~
10,420,sAma~
10,421,vela~
10,422,kAla~
10,423,palyUla~
10,424,vAta~
10,425,gaveza~
10,426,vAsa~
10,427,nivAsa~
10,428,BAja~
10,429,saBAja~
10,430,Una~
10,431,Dvana~
10,432,kUwa~
10,433,saNketa~
10,434,grAma~
10,435,kuRa~
10,436,guRa~
10,437,keta~
10,438,kURa~
10,439,stena~
10,440,pada~\
10,441,gfha~\
10,442,mfga~\
10,443,kuha~\
10,444,SUra~\
10,445,vIra~\
10,446,sTUla~\
10,447,arTa~\
10,448,satra~\
10,449,garva~\
10,450,sUtra~
10,451,mUtra~
10,452,rUkza~
10,453,pAra~
10,454,tIra~
10,455,puwa~
10,456,katra~
10,457,karta~
10,458,bazka~
10,459,citra~
10,460,aMsa~
10,461,vawa~
10,462,rawa~
10,463,laja~
10,464,vawi~
10,465,laji~
10,466,miSra~
10,467,saNgrAma~\
10,468,stoma~
10,469,cidra~
10,470,karRa~
10,471,anDa~
10,472,daRqa~
10,473,aNka~
10,474,aNga~
10,475,suKa~
10,476,duHKa~
10,477,rasa~
10,478,vyaya~
10,479,rUpa~
10,480,ceda~
10,481,cada~
10,482,lABa~
10,483,vraRa~
10,484,varRa~
10,485,parRa~
10,486,vizka~
10,487,kzapa~
10,488,vasa~
10,489,tutTa~
